,MD5,文件名
0,6cc016c973111f96b9a6f23e6fac100d,c:\intel\1/13477744.jpg
1,894f0a0706e0e4122da35d45119db6ad,c:\intel\1/768x432.jpg
2,28adf5c0496367459ff1cf183ba2726f,c:\intel\1/miad970pl.jpg
3,c217caa3bf613039f27e71618af6a977,c:\intel\1/アイアンクリムゾン16 ティア(DASD399).png
4,469f5050ac6211502a601a2e766f2a55,c:\intel\1\p/006yYk6Ggw1fa7qn0lp8mj30kr0q4n1j.jpg
5,885b40a9a6616f7a0a8f9097e04b6245,c:\intel\1\p/11.png
6,7e30d18b2c77bd1c243ddbe14ccb8425,c:\intel\1\p/12.png
7,cad5c71fd0eb3974c36dc0b37a7e2070,c:\intel\1\p/121.png
8,fe863e083b6b0e4a51a46827cc29e4fb,c:\intel\1\p/13.png
9,1d65fc96b01c0d995013cdbd77687212,c:\intel\1\p/14.png
10,b263dc592190ab7b2a0fd886aabbc42e,c:\intel\1\p/15.png
11,183ac0c7c8c92c2a98ea971f5dde68ba,c:\intel\1\p/15612.jpg
12,d8285a9cfed42d94b1db5b0a56375f95,c:\intel\1\p/15655.jpg
13,ec7cf98c0c34bcd93fdbadb764d57729,c:\intel\1\p/16.png
14,2bffe9eba71c171ae55dcbc4f385beaf,c:\intel\1\p/17.png
15,5b4368f69815821ab176e18260a08cdf,c:\intel\1\p/18.png
16,b74c2988bf1c59538354f0bc3e0d3637,c:\intel\1\p/19.png
17,75d4134df360c1c86dfe46fec5a8cb23,c:\intel\1\p/1sdmu515pl.jpg
18,78cb99f284742ed4ba542fe2c6fa1e89,c:\intel\1\p/20.png
19,b7d0b5166ac747617d770e758d78f2dd,c:\intel\1\p/20160325045717208.jpg
20,1c07e0d9740e3000d02c880936c64cb5,c:\intel\1\p/20160718083619435.jpg
21,2c58db06b7ea08f13026ac300768cc55,c:\intel\1\p/20170503114223344.jpg
22,9823c17d18990a8017662b89ca6aff6c,c:\intel\1\p/20170503114347506.jpg
23,d90756926144a34d8381ce184707434c,c:\intel\1\p/20170503114447521.jpg
24,da61be1686bf6c1942f6f3b7738424b7,c:\intel\1\p/20170503114546359.jpg
25,758ff86a441dc7dc206d5f56239c6e6a,c:\intel\1\p/20170503114724372.jpg
26,2add21628105808cd2877fae912f45af,c:\intel\1\p/20170503114825823.jpg
27,5d8da19b4de499c3a58d40fd1e05b22c,c:\intel\1\p/20170503114902389.jpg
28,df2a837cbb2e2011f0701d4591cd0651,c:\intel\1\p/20170511012207489.jpg
29,6f37b34e1c4fffc3ee7728da586e978d,c:\intel\1\p/20170511012231213.jpg
30,2d27227ca65efe6f16a68c080939b5c5,c:\intel\1\p/20170511012243167.jpg
31,c9f786982caacd79c1901f11686dd803,c:\intel\1\p/20170511012612869.jpg
32,3d129aad444e44bbd28799757d00d4e1,c:\intel\1\p/20170511012656416.jpg
33,dd9c1bf28febdb6c130fbe184c2a8888,c:\intel\1\p/20170511012742124.jpg
34,3b46c069745d9abee1d3fa07c873e6c8,c:\intel\1\p/20170511013042218.jpg
35,071888768d522f515798fb6c4d881e08,c:\intel\1\p/20170511013121265.jpg
36,30354cd3e61538985edea2667cd95338,c:\intel\1\p/20170511013329314.jpg
37,1166cbc7f2745e1f72ac7b93ae8f0132,c:\intel\1\p/20170511013414246.jpg
38,d7ef64c654ed1305535d0f053607f752,c:\intel\1\p/20170511014341551.jpg
39,d25da37ea994be6d5199dbd99e52c8eb,c:\intel\1\p/20170511014422173.jpg
40,0356fa7a813db60951eb93970f33ca16,c:\intel\1\p/20170511014457739.jpg
41,ff5443dbfd4ce967bc7ea54f9a4739c7,c:\intel\1\p/20170511014513288.jpg
42,b0498d67cd8ce513d996fbee3c74f7b6,c:\intel\1\p/20170511014524366.jpg
43,a622600554fe2203d0cf9b2e7e0d71fa,c:\intel\1\p/20170511014651311.jpg
44,a628078f195b1078fe52090b2e849e8a,c:\intel\1\p/20170511122414421.jpg
45,da30e51c0968c7afd8ee58fcd4e5fc14,c:\intel\1\p/20170511122447466.jpg
46,9273f86dec9a64f90a67c3f43c5fe025,c:\intel\1\p/2062.jpg
47,5fd9ae755e3e2d214d3b233f8dd1f45d,c:\intel\1\p/2063.jpg
48,44182d5ac72a315dc64d546132df41f9,c:\intel\1\p/2070.jpg
49,da30acf4d86f2423b6d8a7c2cceaf8b4,c:\intel\1\p/21.png
50,df594ec06087e2e19009191035064b06,c:\intel\1\p/2180001465.jpg
51,337ebf59e41fd916780a2218de4aad61,c:\intel\1\p/24113.jpg
52,d5f0741a1da97e5b5b455711ab616579,c:\intel\1\p/25648.jpg
53,ba017e2276bbd5e69b4fae981ef17327,c:\intel\1\p/25655.jpg
54,8368529734d4446ef01bba0787452774,c:\intel\1\p/32.png
55,7d6a498bdab5d3db45811f3d91646f76,c:\intel\1\p/45.png
56,1221a7a82d1b6c5618a708049d26c75e,c:\intel\1\p/63646108c83e5e1c06aee225cff7db41.jpg
57,c8d0438931668a1e0fb5bc6c9455f7d7,c:\intel\1\p/76.png
58,cb8d78fb80944129e6a3d512e93827d5,c:\intel\1\p/838b139ae783bd6caff41c716797811eca1f62aab3174-6pECJ8_fw658.jpg
59,b6db5399262695e289269eff035c816a,c:\intel\1\p/a0cc3fefc035222f1011df081f3130785e9cb5987b0ad-Tw3mOQ_fw658.png
60,52e620a126b1a8124e579cec144b4b24,c:\intel\1\p/ads.png
61,9df642a55e3927c243a8632b283eb77e,c:\intel\1\p/asdf.png
62,3b237d9627edebcbdf474c2399a5a023,c:\intel\1\p/untitled.png
63,cd280454ddecd882ea281121aa185d15,c:\intel\1\p/细腰.png
64,7d81cd3e18ec5b98b6f9e96f060b5d49,c:\intel\1\p\Fellatio Japan_files/022og5db.jpg
65,87dfacabd6649d3d3567cb6a9eb8c4c4,c:\intel\1\p\Fellatio Japan_files/0234op2b.jpg
66,801d0d298386617544e82e6a856278a7,c:\intel\1\p\Fellatio Japan_files/024fk0qy.jpg
67,b5abf70f5e32c13e3668830b77900cc3,c:\intel\1\p\Fellatio Japan_files/028v370j.jpg
68,115f150e3bbcb0e0afec4caff85c90e0,c:\intel\1\p\Fellatio Japan_files/029cl5eu.jpg
69,298dc37f2364e7c1e74f2181771e79fc,c:\intel\1\p\Fellatio Japan_files/030xd5s8.jpg
70,e36b7a9c148441e14b970b966f909aea,c:\intel\1\p\Fellatio Japan_files/03148mij.jpg
71,17877e09c08fd26c180b3fecdc37755c,c:\intel\1\p\Fellatio Japan_files/032rfjsd.jpg
72,889047505d82ec9e96ecd47f1524348b,c:\intel\1\p\Fellatio Japan_files/033r78r4.jpg
73,9661ea3f9464fa6ca57872eeb2d84cbe,c:\intel\1\p\Fellatio Japan_files/03426bue.jpg
74,ace1e8ad0664a96e64b62490adf998d0,c:\intel\1\p\Fellatio Japan_files/035qnpz0.jpg
75,e96be368423f29e095255b4c88a96bf4,c:\intel\1\p\Fellatio Japan_files/0370b4oy.jpg
76,ec05553ca3ee63206c5a6087d9674c51,c:\intel\1\p\Fellatio Japan_files/038aydoq.jpg
77,8b84212d7744b46260e9cec7371f15f7,c:\intel\1\p\Fellatio Japan_files/042bca74.jpg
78,021d2e8a63782d2ea09d421ceb8b8710,c:\intel\1\p\Fellatio Japan_files/0438ko9c.jpg
79,33fd5f8e25fad4decc2c019ac8fbf636,c:\intel\1\p\Fellatio Japan_files/04538gs9.jpg
80,c72b92020a2b7d1ff03b9755e30463b4,c:\intel\1\p\Fellatio Japan_files/046bbhwa.jpg
81,4e74dd938c025e95ab8ee5793e678efc,c:\intel\1\p\Fellatio Japan_files/047kqur6.jpg
82,fc494bf05cec10423076d07e20364620,c:\intel\1\p\Fellatio Japan_files/048kgcsd.jpg
83,0116c6af47d73d9e7159326b5d75c68e,c:\intel\1\p\Fellatio Japan_files/049ss2qd.jpg
84,a9472fcdbf89a6b7a96c2d19a6253030,c:\intel\1\p\Fellatio Japan_files/050xurb0.jpg
85,52a0a824fae82b3c86c5ab468112168b,c:\intel\1\p\Fellatio Japan_files/05176jst.jpg
86,c00ed0d4fa14c3d280e16fbd5c1c7e10,c:\intel\1\p\Fellatio Japan_files/052f1dah.jpg
87,f197e0c2bc0ee25c534f5e1e7ebbe7e1,c:\intel\1\p\Fellatio Japan_files/053envl0.jpg
88,e02d75061ca69562053aa71cf9dd12e6,c:\intel\1\p\Fellatio Japan_files/054zi4rs.jpg
89,5acb2dc55f31802aee2edee1c589484c,c:\intel\1\p\Fellatio Japan_files/055o4hsv.jpg
90,82c56c652d1c6d255f366c132c504769,c:\intel\1\p\Fellatio Japan_files/056u98hx.jpg
91,3ec792c709e4b6d2e4f6e2c94cdbce7f,c:\intel\1\p\Fellatio Japan_files/057qg3vj.jpg
92,1072d08c75701fab3522d0c007a1cadb,c:\intel\1\p\Fellatio Japan_files/058s9grh.jpg
93,0ea8db1f6017a41511f361e6b15c4f3d,c:\intel\1\p\Fellatio Japan_files/060mgsc8.jpg
94,80d426ce6a98cdb7e195dff6a4b44f8b,c:\intel\1\p\Fellatio Japan_files/061k4aif.jpg
95,3780ba95e33c7decbf94c29424db793f,c:\intel\1\p\Fellatio Japan_files/064fzrd8.jpg
96,47c0e8446aad5e0283859a160f1e4e66,c:\intel\1\p\Fellatio Japan_files/065uuipa.jpg
97,1f6f09cbedba21933d3fa2e9d468f684,c:\intel\1\p\Fellatio Japan_files/066iqta3.jpg
98,e97e4d26498ec482f4231794d94e486f,c:\intel\1\p\Fellatio Japan_files/0676lkzf.jpg
99,3ebe89edd7eeb4debf13920b4dcd11bc,c:\intel\1\p\Fellatio Japan_files/068d6u35.jpg
100,6a521f93af7fc8f02bb568daa055130d,c:\intel\1\p\Fellatio Japan_files/069aaj3r.jpg
101,c2f10b78708dba6177a43ffb8df6e7d2,c:\intel\1\p\Fellatio Japan_files/070r9hcg.jpg
102,8f93a13635367626a5ff8fdec956d532,c:\intel\1\p\Fellatio Japan_files/072unu6n.jpg
103,e3bcd75374eb434982117022111de587,c:\intel\1\p\Fellatio Japan_files/074nenyx.jpg
104,33751052abab5bdfd22a5ce75722d3b5,c:\intel\1\p\Fellatio Japan_files/076a7777.jpg
105,4869cd44b3d0c542b1d7930b024d81a7,c:\intel\1\p\Fellatio Japan_files/077fi6fu.jpg
106,35014f838f2c9b599b64ea62c7a90cbd,c:\intel\1\p\Fellatio Japan_files/0788hwuu.jpg
107,3468020172563064070dce2749995d80,c:\intel\1\p\Fellatio Japan_files/079g5lwj.jpg
108,387c42f64b46a30795f71d62888acbaf,c:\intel\1\p\Fellatio Japan_files/082ndr7x.jpg
109,35462933f9548941f280fced3a2d337d,c:\intel\1\p\Fellatio Japan_files/0830w51t.jpg
110,d2e68b1e1a7928b34e98cdc8fe07a067,c:\intel\1\p\Fellatio Japan_files/084eizwt.jpg
111,f4f19cd867f64bf1b677575f249e38e4,c:\intel\1\p\Fellatio Japan_files/0852d375.jpg
112,1cbe6ab0d825dce25c516ce7478569bf,c:\intel\1\p\Fellatio Japan_files/086avc2f.jpg
113,04ce9a2c37a6b97c0e85d3362d98f21c,c:\intel\1\p\Fellatio Japan_files/087edxxw.jpg
114,c847a01d156e7dd4402238c321aea88d,c:\intel\1\p\Fellatio Japan_files/088syxzi.jpg
115,6862fb3236fa0af556afc5f9535bd7b5,c:\intel\1\p\Fellatio Japan_files/0890oyjb.jpg
116,c82965387b295f4f1ffd0fe9cf949725,c:\intel\1\p\Fellatio Japan_files/0923xgfh.jpg
117,e374be9d13f1ba8a96734f47e5effab9,c:\intel\1\p\Fellatio Japan_files/093ilgiq.jpg
118,b86ba42b1fa4f95a930d09f6ede5c27d,c:\intel\1\p\Fellatio Japan_files/095siita.jpg
119,7d3e6e3e5afae15a43c9b69e6f6962c6,c:\intel\1\p\Fellatio Japan_files/09719tdj.jpg
120,51d9c2c5df7857f9e58fe8c56e738aa9,c:\intel\1\p\Fellatio Japan_files/098vwp46.jpg
121,2d426fac0055e2b3e3f852a98de54350,c:\intel\1\p\Fellatio Japan_files/100oxj22.jpg
122,d13eeeeb5c4331a7ca3c6d1bc07b07a9,c:\intel\1\p\Fellatio Japan_files/10199jlv.jpg
123,36f1e7e0893151ad13f0d069929259d6,c:\intel\1\p\Fellatio Japan_files/1020rt4e.jpg
124,8164ec135f51932f17080b544efe95b3,c:\intel\1\p\Fellatio Japan_files/104inw0n.jpg
125,1e0f062e879d48040c61b12007b2e0ea,c:\intel\1\p\Fellatio Japan_files/105sx5td.jpg
126,ce3f706b6add03c67b50c011e03e54eb,c:\intel\1\p\Fellatio Japan_files/106yf1gy.jpg
127,5482dd453031d7cef44bfe15be75d7ef,c:\intel\1\p\Fellatio Japan_files/107ke9k2.jpg
128,34b26435311c72a1d7b82d81ed1792c9,c:\intel\1\p\Fellatio Japan_files/1089r3hj.jpg
129,569291c35e9918aadf1b191e5bd2159e,c:\intel\1\p\Fellatio Japan_files/1099ssk6.jpg
130,650de767dea8eab251f6840afd104aeb,c:\intel\1\p\Fellatio Japan_files/110b8537.jpg
131,aa3806f0f1b48f7aebeef2db202179b4,c:\intel\1\p\Fellatio Japan_files/111vyq8o.jpg
132,703affedb9f490c9272df30a2defda45,c:\intel\1\p\Fellatio Japan_files/112i45bl.jpg
133,5a0e130e8707ac93effcdccbde30259b,c:\intel\1\p\Fellatio Japan_files/113eda7w.jpg
134,f30335f35e9146b54c28345bb6694aa4,c:\intel\1\p\Fellatio Japan_files/114ka0mj.jpg
135,ba4c8f4795f1b892a34522eaf0988c32,c:\intel\1\p\Fellatio Japan_files/115cr3vt.jpg
136,389ea5a0c68691a502ec7ca85ef5fe4f,c:\intel\1\p\Fellatio Japan_files/116cc6b9.jpg
137,bd102c788176874732bfc891300265b8,c:\intel\1\p\Fellatio Japan_files/117fzwtt.jpg
138,129ae7c4bba734fa9ae13250626841ce,c:\intel\1\p\Fellatio Japan_files/118uy2y4.jpg
139,15a9fd488581d6b74409a3b51f9590a6,c:\intel\1\p\Fellatio Japan_files/1196ntvt.jpg
140,e9cd16c9f861e44fffbeb687f9acf266,c:\intel\1\p\Fellatio Japan_files/120gm9qa.jpg
141,cfd134d2ab8197203731482f7544681f,c:\intel\1\p\Fellatio Japan_files/121htj6v.jpg
142,8efca987ef5728eb335194f3118505eb,c:\intel\1\p\Fellatio Japan_files/122oga8q.jpg
143,10776f332df5cb4314a9f66e177a1d00,c:\intel\1\p\Fellatio Japan_files/123iufpq.jpg
144,7297ad082fdba586385db54a2bba4a04,c:\intel\1\p\Fellatio Japan_files/1243d313.jpg
145,ee7765f20d130a68348004bbb8d608af,c:\intel\1\p\Fellatio Japan_files/125vlaet.jpg
146,76ac46d09a5274bc064fc2a9ecd5fb4f,c:\intel\1\p\Fellatio Japan_files/126yzhhj.jpg
147,31d796be685e66c5d1e6bd2d822b6e04,c:\intel\1\p\Fellatio Japan_files/128we7g4.jpg
148,33de8d1d7bc112a0cb0aafaa1b4a384d,c:\intel\1\p\Fellatio Japan_files/129bv2i5.jpg
149,039574497c46d1a8a96d605eac52fbbe,c:\intel\1\p\Fellatio Japan_files/130i4bbm.jpg
150,93c5f8fb43a00149759c906be0468716,c:\intel\1\p\Fellatio Japan_files/131j3snk.jpg
151,054183f29cf6e9a3fbb0a39227dbd6f4,c:\intel\1\p\Fellatio Japan_files/1323rbsv.jpg
152,0bceeea92ab3b73e17eb06a80c299dc7,c:\intel\1\p\Fellatio Japan_files/133frj9m.jpg
153,8352ad2adfb3f60f4f1a2a46eedb271d,c:\intel\1\p\Fellatio Japan_files/134gh4w4.jpg
154,1fd9b4eb5ad333db4ee2825c9a71fbbe,c:\intel\1\p\Fellatio Japan_files/135sg3cm.jpg
155,457736e61af97c204e88438807d21593,c:\intel\1\p\Fellatio Japan_files/136m5kbv.jpg
156,39f3f46ac254b278d40a901518db776d,c:\intel\1\p\Fellatio Japan_files/138laxgd.jpg
157,0d8dd6b693fcc6b77a16e3e0fef04b7e,c:\intel\1\p\Fellatio Japan_files/139ofoaf.jpg
158,ae526dc3c6adc82acb24bc12444c7479,c:\intel\1\p\Fellatio Japan_files/140mq5z3.jpg
159,9d7025118ec8562248bf9efee0323f3a,c:\intel\1\p\Fellatio Japan_files/141a7i0m.jpg
160,4385992a8ae96c13a5db4278175e9445,c:\intel\1\p\Fellatio Japan_files/142pmsb0.jpg
161,1af76bfd55621a94a07d4571babc339b,c:\intel\1\p\Fellatio Japan_files/1434eu8f.jpg
162,30a4fe8f4c9ce12a26a86e80a3c7763a,c:\intel\1\p\Fellatio Japan_files/144ly6k6.jpg
163,0da3c431c41a9f39004883a0467f846c,c:\intel\1\p\Fellatio Japan_files/145x3etj.jpg
164,14f6300dd1a6e7d6b2759fab3a7fee27,c:\intel\1\p\Fellatio Japan_files/1465wph6.jpg
165,8db28d7f1cde31efa63998f988b90b64,c:\intel\1\p\Fellatio Japan_files/147h52ou.jpg
166,958527af723f5cb2044490ab580a1383,c:\intel\1\p\Fellatio Japan_files/148ozlo0.jpg
167,c71f71a1b966db42d95394c32aba97f3,c:\intel\1\p\Fellatio Japan_files/149mai9d.jpg
168,d60a2ffeca5b3a46d5be85b2e5831bf2,c:\intel\1\p\Fellatio Japan_files/150wuete.jpg
169,e9bcb5315c1772d32f483e15d413bd32,c:\intel\1\p\Fellatio Japan_files/151f6avo.jpg
170,d11beac49af8e58df7a717b63c44f756,c:\intel\1\p\Fellatio Japan_files/15255s9k.jpg
171,bb0c2ebcde4ad8b9601009a6c19b79a6,c:\intel\1\p\Fellatio Japan_files/153v6e37.jpg
172,79f54635560c867f1df72465ac381648,c:\intel\1\p\Fellatio Japan_files/154tu8mg.jpg
173,f072bbe56da8d4ec1d1c578ea986a070,c:\intel\1\p\Fellatio Japan_files/155a7iqj.jpg
174,be25305fdb07e4d395b68c6db1118565,c:\intel\1\p\Fellatio Japan_files/156qfozm.jpg
175,6634f2bcb02d314a0c2d80d1c83d79ef,c:\intel\1\p\Fellatio Japan_files/157jjjt7.jpg
176,bd3cc99bd0161f0718208cc74430229a,c:\intel\1\p\Fellatio Japan_files/159nm5ko.jpg
177,958c2a1cc9e277a20719700c037bc3b4,c:\intel\1\p\Fellatio Japan_files/1607vb32.jpg
178,ba9b34b7cc891f4ed5ae99536972f791,c:\intel\1\p\Fellatio Japan_files/161rv19g.jpg
179,a680f373a48516a02ac13ddf20abb061,c:\intel\1\p\Fellatio Japan_files/162p4hil.jpg
180,fc07164022db40b5559c41e1c92098cb,c:\intel\1\p\Fellatio Japan_files/16434397.jpg
181,9b0a280eb30dd0bd7e3853d7ae4267ad,c:\intel\1\p\Fellatio Japan_files/166xalt4.jpg
182,f2f7ab21593ba743a68b0f4987719ac4,c:\intel\1\p\Fellatio Japan_files/167tlvll.jpg
183,5d0b8a3100c55b1cb7ab6a3ef8c340d1,c:\intel\1\p\Fellatio Japan_files/168t9fnb.jpg
184,321bc4800297f016324185be86ab5874,c:\intel\1\p\Fellatio Japan_files/169buwnn.jpg
185,b027a7a9e6343567f4834a139f1460ea,c:\intel\1\p\Fellatio Japan_files/170jmohf.jpg
186,7c0d2f8d3333999e0df899103b39d8be,c:\intel\1\p\Fellatio Japan_files/171u352d.jpg
187,77a363cc98faa7c63458f3bd92e5b635,c:\intel\1\p\Fellatio Japan_files/172x3ulp.jpg
188,7c07eb83839ad3f9cd4c22f34b110cc7,c:\intel\1\p\Fellatio Japan_files/1746r4c8.jpg
189,4524823c81aa99cc23c1debd951dd11c,c:\intel\1\p\Fellatio Japan_files/175v7klr.jpg
190,2549b862a1d3bcab10f0e7ec6214e035,c:\intel\1\p\Fellatio Japan_files/176irk2s.jpg
191,92926ab812f267ad8694c5c727ecec4d,c:\intel\1\p\Fellatio Japan_files/1778kulb.jpg
192,e03c1049487a1bf11b3885507a4a259c,c:\intel\1\p\Fellatio Japan_files/178vm21y.jpg
193,a0c777b9fc0b43ce10e7b9a35e158289,c:\intel\1\p\Fellatio Japan_files/1797u3fh.jpg
194,12884f07af7f01ecddfe82df07803f01,c:\intel\1\p\Fellatio Japan_files/181w3lwd.jpg
195,b9c1c9239da6a820ad6608581f38354f,c:\intel\1\p\Fellatio Japan_files/1827b8za.jpg
196,f4d14486410dbc808ef5097576d2cf78,c:\intel\1\p\Fellatio Japan_files/185nugbe.jpg
197,a13bfe66aca896ed5ac049d4c8b42e6c,c:\intel\1\p\Fellatio Japan_files/1866o08h.jpg
198,3667f35d71f5cdc8f62e9d9ffe566234,c:\intel\1\p\Fellatio Japan_files/187jnpfj.jpg
199,b89a3c768298dd8f8bd4f12dda9b319a,c:\intel\1\p\Fellatio Japan_files/189hyig4.jpg
200,dabcc1fc217d32c92eb9290ad8b218c3,c:\intel\1\p\Fellatio Japan_files/190b5c1g.jpg
201,6088c06b2f34db276fc3df84d5ad7461,c:\intel\1\p\Fellatio Japan_files/191tvj7k.jpg
202,497c27816630f38f94365d7494c703a1,c:\intel\1\p\Fellatio Japan_files/192cbxoc.jpg
203,1f8745810674fd902e90cd1133f16f72,c:\intel\1\p\Fellatio Japan_files/1940r6iw.jpg
204,8b20372f03a82ab7c55479dd4349e7d7,c:\intel\1\p\Fellatio Japan_files/1957lg19.jpg
205,19b770aa39af21d80c5dabbca860c630,c:\intel\1\p\Fellatio Japan_files/196gi835.jpg
206,683d265f09dc41752347bbc49d58226e,c:\intel\1\p\Fellatio Japan_files/197dyppz.jpg
207,3c059b72cca0eab94fe4c89cad60e5b1,c:\intel\1\p\Fellatio Japan_files/1980w1yz.jpg
208,46c16f97461b25fcc8e9dc30eaad518d,c:\intel\1\p\Fellatio Japan_files/1990egzl.jpg
209,f89e7efb42395dae9ca0e093645f812c,c:\intel\1\p\Fellatio Japan_files/1s(1).jpg
210,183410feb1ca3aaca8088123730fc021,c:\intel\1\p\Fellatio Japan_files/1s(10).jpg
211,72ae338da2cf540e8da2f7599f32075c,c:\intel\1\p\Fellatio Japan_files/1s(11).jpg
212,d93fbf95c19d2c8d594c6740ce1b2fcb,c:\intel\1\p\Fellatio Japan_files/1s(12).jpg
213,c79771ec7604b2dcfef7c6cbab65ba71,c:\intel\1\p\Fellatio Japan_files/1s(2).jpg
214,73f45de4c0b95dff97ac48d2850a6d3b,c:\intel\1\p\Fellatio Japan_files/1s(3).jpg
215,faedac81a9ec30a67b8fee4b8bc64147,c:\intel\1\p\Fellatio Japan_files/1s(4).jpg
216,1876c612e15526885fea44282546733f,c:\intel\1\p\Fellatio Japan_files/1s(5).jpg
217,3028b11efa056c91f3b0a295820d16a3,c:\intel\1\p\Fellatio Japan_files/1s(6).jpg
218,459a296e4230e53c857c9718bc572a87,c:\intel\1\p\Fellatio Japan_files/1s(7).jpg
219,f4cc9f6d968ea4c1821bdcbefdcd83b3,c:\intel\1\p\Fellatio Japan_files/1s(8).jpg
220,2ba80623d8f1b1888b20daafd001ae7f,c:\intel\1\p\Fellatio Japan_files/1s(9).jpg
221,350812e94513748d53d9e322727b9c59,c:\intel\1\p\Fellatio Japan_files/1s.jpg
222,de26b03e4cb3d8f3a498951bc77aabd8,c:\intel\1\p\Fellatio Japan_files/200yv8c8.jpg
223,6027baa7876d6096e8f9d99a05a3505a,c:\intel\1\p\Fellatio Japan_files/201vrsn9.jpg
224,11068647fc8db463a090d3153f3868c8,c:\intel\1\p\Fellatio Japan_files/202pukiz.jpg
225,836e998551e8f2bad22e314822b501c1,c:\intel\1\p\Fellatio Japan_files/2032dmf9.jpg
226,6cae00104e6b2acd45cbd7620184f6e7,c:\intel\1\p\Fellatio Japan_files/204e5l1q.jpg
227,7ef6ad0e3ccbfc39afe67793a4d10031,c:\intel\1\p\Fellatio Japan_files/2055ymqm.jpg
228,94736b85ce0751cef047e739bbb03a42,c:\intel\1\p\Fellatio Japan_files/206r82zf.jpg
229,b7616d3e8f7f7fb8c680a6e30c8ec6de,c:\intel\1\p\Fellatio Japan_files/207zlmj7.jpg
230,d3807dfa52229cb07e7f55c4a63a8b0d,c:\intel\1\p\Fellatio Japan_files/2082iw57.jpg
231,5dec61f90ec6518fac55f6a94c0ae5fd,c:\intel\1\p\Fellatio Japan_files/209amuxl.jpg
232,55ad4eb0eb42056d759d2b860c38e04e,c:\intel\1\p\Fellatio Japan_files/2s(1).jpg
233,f01042fe72753a58e4fd38d84ea7958a,c:\intel\1\p\Fellatio Japan_files/2s(10).jpg
234,854cb1ff6f516168275063d119c54ece,c:\intel\1\p\Fellatio Japan_files/2s(11).jpg
235,cace220ff80565998081d0c4fa3aa558,c:\intel\1\p\Fellatio Japan_files/2s(12).jpg
236,a3c7484bfb4f15b8073cd788d0e332f2,c:\intel\1\p\Fellatio Japan_files/2s(2).jpg
237,60d92cf6dcbf1b33f32721e791d65a3c,c:\intel\1\p\Fellatio Japan_files/2s(3).jpg
238,b5e1fb668da2962d15cd50ef8dadb9e5,c:\intel\1\p\Fellatio Japan_files/2s(4).jpg
239,c5db4fe55e3d09804f6127a60d8cfde1,c:\intel\1\p\Fellatio Japan_files/2s(5).jpg
240,3599529293405967b160af70ca5fc2c2,c:\intel\1\p\Fellatio Japan_files/2s(6).jpg
241,364986bb71a1fd02046091d31aceef91,c:\intel\1\p\Fellatio Japan_files/2s(7).jpg
242,a3ce2e1f7d2b797b604546ccf33e7325,c:\intel\1\p\Fellatio Japan_files/2s(8).jpg
243,37d6a6a09518d7a20d3df41e42ece1e0,c:\intel\1\p\Fellatio Japan_files/2s(9).jpg
244,786f9c9d4ccd2a4d5f617dc1b907ed3d,c:\intel\1\p\Fellatio Japan_files/2s.jpg
245,1af44d37b88669e46e587d28fba4eaab,c:\intel\1\p\Fellatio Japan_files/3s(1).jpg
246,a389e75c383112c4dc3dad071c129424,c:\intel\1\p\Fellatio Japan_files/3s(10).jpg
247,5cbcbb1a880331f92c565eb01e98252a,c:\intel\1\p\Fellatio Japan_files/3s(11).jpg
248,fd1ff07a58bd0922f5772ac33ffae7c6,c:\intel\1\p\Fellatio Japan_files/3s(12).jpg
249,983e7755e847a12e8ac0bb8c6cea014b,c:\intel\1\p\Fellatio Japan_files/3s(2).jpg
250,b6740070530cde8dedcb97121f815503,c:\intel\1\p\Fellatio Japan_files/3s(3).jpg
251,a4be6c52166ca00ed07e293c11bdd5ae,c:\intel\1\p\Fellatio Japan_files/3s(4).jpg
252,918696d55df6f52f4cd3375835710966,c:\intel\1\p\Fellatio Japan_files/3s(5).jpg
253,2f7a99b45c47274ea1db92aff2b4db41,c:\intel\1\p\Fellatio Japan_files/3s(6).jpg
254,7ad5f46f2354bceb4c9f2983bbf29225,c:\intel\1\p\Fellatio Japan_files/3s(7).jpg
255,45d8bc644ffe32fce48f3d9be503b101,c:\intel\1\p\Fellatio Japan_files/3s(8).jpg
256,1f88dde58040ccc9f1e985d6fa8ca45a,c:\intel\1\p\Fellatio Japan_files/3s(9).jpg
257,c3004a76f5a97d5a758dc4b374a9d6fb,c:\intel\1\p\Fellatio Japan_files/3s.jpg
258,45a1f62efa2319870aaa3eba64663fa6,c:\intel\1\p\Fellatio Japan_files/4s(1).jpg
259,bc72d07fce20d19fa98c47f47ac25d29,c:\intel\1\p\Fellatio Japan_files/4s(10).jpg
260,8247e4821ca3ccd265d790dcd1d5227b,c:\intel\1\p\Fellatio Japan_files/4s(11).jpg
261,945eebef3d8e16eeab237d8885a14b89,c:\intel\1\p\Fellatio Japan_files/4s(12).jpg
262,f774a5898abfc9260dc22da88c864d63,c:\intel\1\p\Fellatio Japan_files/4s(2).jpg
263,b5d1e1acce14ed42442b8538d3df1c47,c:\intel\1\p\Fellatio Japan_files/4s(3).jpg
264,9042c8b3159e8894be0b47fb7b74cecd,c:\intel\1\p\Fellatio Japan_files/4s(4).jpg
265,82948f863fb543ce6c6d1fcba256c368,c:\intel\1\p\Fellatio Japan_files/4s(5).jpg
266,f54c35cfef559f7d314d03864231f4d4,c:\intel\1\p\Fellatio Japan_files/4s(6).jpg
267,3c4f32071af3ce42090912a4fdfe2879,c:\intel\1\p\Fellatio Japan_files/4s(7).jpg
268,d44dbcd115b4a427760a5436b206e614,c:\intel\1\p\Fellatio Japan_files/4s(8).jpg
269,eed30acfdeb3146084172b25f0880d94,c:\intel\1\p\Fellatio Japan_files/4s(9).jpg
270,129d04e3c9438db164758f62ead78009,c:\intel\1\p\Fellatio Japan_files/4s.jpg
271,bd87261dfa74d6bc8fa08bc40f106e0f,c:\intel\1\p\Fellatio Japan_files/djm.png
272,6a6b4d686494b35713efc9f9ad22ec9c,c:\intel\1\S\0最喜欢看你受不了的那个鸟脸/(MOODYZ)(MXGS-813)淫縛～喉奥と顔面に絡みつく精液～麻生希.jpg
273,943c6e69a70f0aef2670a24882877676,c:\intel\1\S\0最喜欢看你受不了的那个鸟脸/DASD-286.jpg
274,201279e10a6d45d71fa623c5e4d99985,c:\intel\1\S\0最喜欢看你受不了的那个鸟脸/DASD-293.jpg
275,62376a8686b56dd2e5da9147c695222c,c:\intel\1\S\0最喜欢看你受不了的那个鸟脸/DASD-308.jpg
276,31e4caa120a5eaebd9152fc2071048be,c:\intel\1\S\0最喜欢看你受不了的那个鸟脸/DASD-321.jpg
277,d938997faf028332e0981b62210a212b,c:\intel\1\S\0最喜欢看你受不了的那个鸟脸/DASD-325.jpg
278,5cab0ea4b423668b03ca0b2e6f67c180,c:\intel\1\S\0最喜欢看你受不了的那个鸟脸/DASD-326.jpg
279,f12163572a914c218cb30df74538d93b,c:\intel\1\S\0最喜欢看你受不了的那个鸟脸/DASD-338.jpg
280,c90143930db65b0b7b7a44ce8e6c7309,c:\intel\1\S\0最喜欢看你受不了的那个鸟脸/DASD-345.jpg
281,aab3a78933cacbf03a14a7333c00d17a,c:\intel\1\S\0最喜欢看你受不了的那个鸟脸/DASD-355.jpg
282,2013fdb51e5727f7d3a53a7bdd11eb45,c:\intel\1\S\0最喜欢看你受不了的那个鸟脸/DASD-362.jpg
283,a321a493877729f64e3fa276ef614ae3,c:\intel\1\S\0最喜欢看你受不了的那个鸟脸/DASD-389.jpg
284,8121901f6f7c91b8cdb21b889e250e13,c:\intel\1\S\0最喜欢看你受不了的那个鸟脸/DASD399.jpg
285,0c5c0d428abb7729f6505dda4745a8cb,c:\intel\1\S\0最喜欢看你受不了的那个鸟脸/jufd840pl.jpg
286,941c3483795cc181db4e29557e2fefb0,c:\intel\1\S\7-7 新作36連發/HBAD370.jpg
287,2d3232762f1f8ba5eb450d2bab29c4e6,c:\intel\1\S\7-7 新作36連發/HBAD371.jpg
288,1b86a95e6bb8d540525761842dee3b66,c:\intel\1\S\7-7 新作36連發/hunta318.jpg
289,dd4657c5cdb6b41a87ec68ba33823eb9,c:\intel\1\S\7-7 新作36連發/hunta323.jpg
290,4f2f1b504e63262d5c43f3287de0e8c2,c:\intel\1\S\7-7 新作36連發/iene793.jpg
291,38e4eee252323eaf0ed7bb905d527e47,c:\intel\1\S\7-7 新作36連發/kawd829.jpg
292,4f54c12c56be7b16f423a952ba72df6d,c:\intel\1\S\7-7 新作36連發/mdb804.jpg
293,146004eb71b113d6493676fdbabf75aa,c:\intel\1\S\7-7 新作36連發/migd774.jpg
294,d23b18967aa08224b7676d433be8c217,c:\intel\1\S\7-7 新作36連發/nhdtb004.jpg
295,c42e9047efab2b2b9f57ce81a1abbcf1,c:\intel\1\S\7-7 新作36連發/nitr316.jpg
296,2e18e5e4f8bcae65496d3aaa1c805102,c:\intel\1\S\7-7 新作36連發/nitr317.jpg
297,16c3448a1a8c2b9f1efa268c6d0a0b9a,c:\intel\1\S\7-7 新作36連發/RCTD003.jpg
298,a00b39097656939533940e428e53f268,c:\intel\1\S\7-7 新作36連發/RCTD004.jpg
299,9f995feb0f3c50cbad61a114d8d2874e,c:\intel\1\S\7-7 新作36連發/RCTD005.jpg
300,c3d050427d8592281a31ad0c7f162cf2,c:\intel\1\S\7-7 新作36連發/RTP098.jpg
301,2dd090f88d64c13fc0b3c876f0db281b,c:\intel\1\S\7-7 新作36連發/sdde498.jpg
302,1afe8e35cc56ed156286928c0f4d78b8,c:\intel\1\S\7-7 新作36連發/sdde499.jpg
303,2e0c49956ed7e6c5c814889b9c4fb1ab,c:\intel\1\S\7-7 新作36連發/SDMU639.jpg
304,d108c4c1672b63297674f1b88a335b62,c:\intel\1\S\7-7 新作36連發/SDMU640.jpg
305,f15a142446c5a214b2f660d79e40347f,c:\intel\1\S\7-7 新作36連發/sdnm114.jpg
306,d9e93afc1bce0868a7a3728e4f0acab5,c:\intel\1\S\7-7 新作36連發/SOAV030.jpg
307,9cadcaa7c0f6a08a9360224c1c1acd05,c:\intel\1\S\7-7 新作36連發/star792.jpg
308,03a215e05360e3046b4d873e30586baa,c:\intel\1\S\7-7 新作36連發/star793.jpg
309,f39bb336d91c1d6282caa021f94e1a38,c:\intel\1\S\7-7 新作36連發/star794.jpg
310,f6f6df3aa294d8c11deeb1358cc5b70c,c:\intel\1\S\7-7 新作36連發/star795.jpg
311,64971074297ad8173e74db0af271490f,c:\intel\1\S\7-7 新作36連發/svdvd607.jpg
312,d3e9575b8d29ac1966fc10bb634ca0bb,c:\intel\1\S\7-7 新作36連發/SVDVD608.jpg
313,f36b3f84fbdc711e61ee0b7be525d38e,c:\intel\1\S\7-7 新作36連發/SW495.jpg
314,b95dd8da186458515879900db82363fd,c:\intel\1\S\7-7 新作36連發/tamm020.jpg
315,f824b02204fda81ab4bb2c0945bd2c7d,c:\intel\1\S\7-7 新作36連發/TEK094.jpg
316,67ade517e323de36334c28d2faa76d98,c:\intel\1\S\7-7 新作36連發/tyod354.jpg
317,a686c5d10bc7b6f3a3cb478b7a1164d5,c:\intel\1\S\7-7 新作36連發/tyod355.jpg
318,771fe384577b13a41495d2bedf89b0ed,c:\intel\1\S\7-7 新作36連發/vdd128.jpg
319,9d67fe6791f86456afcf95febbfa050e,c:\intel\1\S\7-7 新作36連發/wwk021.jpg
320,18e26a8b866808ffa9a744ab75704b00,c:\intel\1\S\7-7 新作36連發/wwz001.jpg
321,6b77a2dc4296ecf2becf95bbaa82e767,c:\intel\1\S\7-7 新作36連發/YRMN058.jpg
322,d2203ba28bdb0512cd98c8f18180acc6,c:\intel\1\S\7-7 新作36連發/zex327.jpg
323,95d095fd76faab3a7d6c22911c8e2760,c:\intel\1\S\7-7 新作36連發/媚娃兒@黑暗圣殿推广图片.jpg
324,2b18a733f306c12698bb05c811907d65,c:\intel\1\S\AV OPEN 2016 FHD PACK #1(170916)@RUNBKK\AVOP-217/avop217pl.jpg
325,4e4805418132d4009e8afee1f5ab8014,c:\intel\1\S\AV OPEN 2016 FHD PACK #1(170916)@RUNBKK\AVOP-217/เสียง@RUNBKK.jpg
326,8d9325ea506fc0bc2a6993a7ef906f07,c:\intel\1\S\Uncensoed JAV FHD pack x18(170812)@RUNBKK\FC2-PPV-622971-HD/FC2-PPV-622971.jpg
327,4e4805418132d4009e8afee1f5ab8014,c:\intel\1\S\Uncensoed JAV FHD pack x18(170812)@RUNBKK\FC2-PPV-622971-HD/เสียง@RUNBKK.jpg
328,39538dea8998f4c06b42feb32db96522,c:\intel\1\S\吴天@第一会所@[FootsieBabes] Monique Woods/第一会所 宣传图.jpg
329,2f3eaa3deaa063f800f84b016c608be0,c:\intel\1\S\本宮唔壞@www.sexinsex.net@STAR-369 麻生希 初激sex！×6變裝！×4FUCK！3時間SP/BT原创区招收标准原创专职发帖手，待遇优厚！ -SIS压片精英制作小组组员 - SiteRip's Seed  小格式 自压原创区 - SexInSex! Board.png
330,a109a16ce700e9369a6da75d37e48ab7,c:\intel\1\S\本宮唔壞@www.sexinsex.net@STAR-369 麻生希 初激sex！×6變裝！×4FUCK！3時間SP/各大成人网站全面下封杀令-封杀SIS001.jpg
331,a6a13646c620d4baf83567b756818f70,c:\intel\1\S\本宮唔壞@www.sexinsex.net@STAR-369 麻生希 初激sex！×6變裝！×4FUCK！3時間SP/请所有支持热爱色中色的会员互相转帖告知！让世人知道真相。916事件 - Suggestion Feedback - 建议帮助投诉区 - SexInSex! Board.png
332,f37aa22ca841240c7fcb4e70e498912b,c:\intel\1\S\第一會所新片@SIS001@(SOD)(STAR-531)麻生希『私の、すべて』引退記念作品集/(SOD)(STAR-531)麻生希『私の、すべて』引退記念作品集.jpg
333,39538dea8998f4c06b42feb32db96522,c:\intel\1\S\第一會所新片@SIS001@(SOD)(STAR-531)麻生希『私の、すべて』引退記念作品集/第一会所 宣传图.jpg
334,b5cc25fae8ea5e42186a805a02987b41,c:\intel\1\SM (MAD)/h_286tki030pl.jpg
335,2730af68431aca062e3b58ad1b288f87,c:\intel\1\SM (MAD)\漂亮女人来练/h_286tki032pl.jpg
336,8f6abcc762ab42f8944f73e015b7f862,c:\intel\1\SM (MAD)\漂亮女人来练/h_286tki035pl.jpg
337,452b1dcebd363a45d83dbf48c5eedae3,c:\intel\1\小美女命她慢慢服侍\0(MIDE-195)美脚フェティッシュ_秋山祥子/(MOODYZ)(MIDE-195)美脚フェティッシュ 秋山祥子.jpg
338,39538dea8998f4c06b42feb32db96522,c:\intel\1\小美女命她慢慢服侍\0(MIDE-195)美脚フェティッシュ_秋山祥子/第一会所 宣传图.jpg
339,5350532484c7fd58f75fa606212bbd97,c:\intel\1\小美女命她慢慢服侍\SNIS-999超高級ヌキ有りメンズエステティシャンの焦らし誘惑回春マッサージ_天使もえ/(S1)(SNIS-999)超高級ヌキ有りメンズエステティシャンの焦らし誘惑回春マッサージ 天使もえ.jpg
340,39538dea8998f4c06b42feb32db96522,c:\intel\1\小美女命她慢慢服侍\SNIS-999超高級ヌキ有りメンズエステティシャンの焦らし誘惑回春マッサージ_天使もえ/第一会所 宣传图.jpg
